{
  "experiment_id": "initial-training-20250614",
  "timestamp": "2025-06-14T12:27:06.960629",
  "preprocessing_info": {
    "feature_names": [
      "bytes_transferred",
      "connection_count",
      "unique_destinations",
      "connection_duration",
      "port_diversity",
      "protocol_anomaly_score",
      "time_of_day",
      "is_weekend",
      "process_count",
      "cpu_usage",
      "memory_usage",
      "file_access_count",
      "registry_modifications",
      "network_connections",
      "privilege_level",
      "process_lifetime",
      "login_frequency",
      "failed_logins",
      "off_hours_activity",
      "data_access_volume",
      "privilege_escalations",
      "geographic_anomaly",
      "device_count",
      "session_duration"
    ],
    "n_features": 24,
    "n_classes": 2,
    "class_names": [
      "0",
      "1"
    ]
  },
  "training_info": {
    "signature_detector_info": {
      "model_type": "RandomForest",
      "training_time": 0.4659919738769531,
      "n_estimators": 200,
      "feature_importance": [
        0.013032560523377396,
        0.06367154473386342,
        0.022879447516969607,
        0.01897559874707469,
        0.06126699167073701,
        0.07133744270736478,
        0.03025409402891539,
        0.007856998314715624,
        0.1139293232473868,
        0.06957853484154546,
        0.0403309880639436,
        0.0842519017888213,
        0.06740521492263027,
        0.04022636178677251,
        0.005656430862624324,
        0.02450781584186046,
        0.04871450366815323,
        0.046787171821722685,
        0.017820061467146875,
        0.01420909574829004,
        0.03046405324318746,
        0.03092966862410807,
        0.03373367329531052,
        0.04218052253347856
      ]
    },
    "anomaly_detector_info": {
      "model_type": "IsolationForest",
      "training_time": 0.7678470611572266,
      "contamination": 0.15
    },
    "ensemble_info": {
      "model_type": "Ensemble",
      "training_time": 4.9415552616119385,
      "base_models": [
        "RandomForest",
        "LogisticRegression",
        "SVM"
      ]
    }
  },
  "evaluation_results": {
    "signature_detector": {
      "classification_report": {
        "0": {
          "precision": 0.8680412371134021,
          "recall": 0.9964497041420118,
          "f1-score": 0.9278236914600551,
          "support": 845.0
        },
        "1": {
          "precision": 0.9,
          "recall": 0.17419354838709677,
          "f1-score": 0.2918918918918919,
          "support": 155.0
        },
        "accuracy": 0.869,
        "macro avg": {
          "precision": 0.884020618556701,
          "recall": 0.5853216262645543,
          "f1-score": 0.6098577916759735,
          "support": 1000.0
        },
        "weighted avg": {
          "precision": 0.8729948453608248,
          "recall": 0.869,
          "f1-score": 0.8292542625269899,
          "support": 1000.0
        }
      },
      "confusion_matrix": [
        [
          842,
          3
        ],
        [
          128,
          27
        ]
      ],
      "roc_auc": 0.6777247566329452,
      "accuracy": 0.869
    },
    "anomaly_detector": {
      "classification_report": {
        "0": {
          "precision": 0.8629500580720093,
          "recall": 0.8792899408284024,
          "f1-score": 0.8710433763188745,
          "support": 845.0
        },
        "1": {
          "precision": 0.26618705035971224,
          "recall": 0.23870967741935484,
          "f1-score": 0.25170068027210885,
          "support": 155.0
        },
        "accuracy": 0.78,
        "macro avg": {
          "precision": 0.5645685542158607,
          "recall": 0.5589998091238786,
          "f1-score": 0.5613720282954917,
          "support": 1000.0
        },
        "weighted avg": {
          "precision": 0.7704517918766033,
          "recall": 0.78,
          "f1-score": 0.7750452584316259,
          "support": 1000.0
        }
      },
      "confusion_matrix": [
        [
          743,
          102
        ],
        [
          118,
          37
        ]
      ],
      "accuracy": 0.78
    },
    "ensemble": {
      "classification_report": {
        "0": {
          "precision": 0.8738269030239834,
          "recall": 0.991715976331361,
          "f1-score": 0.9290465631929047,
          "support": 845.0
        },
        "1": {
          "precision": 0.8292682926829268,
          "recall": 0.21935483870967742,
          "f1-score": 0.3469387755102041,
          "support": 155.0
        },
        "accuracy": 0.872,
        "macro avg": {
          "precision": 0.851547597853455,
          "recall": 0.6055354075205193,
          "f1-score": 0.6379926693515544,
          "support": 1000.0
        },
        "weighted avg": {
          "precision": 0.8669203184211195,
          "recall": 0.872,
          "f1-score": 0.8388198561020862,
          "support": 1000.0
        }
      },
      "confusion_matrix": [
        [
          838,
          7
        ],
        [
          121,
          34
        ]
      ],
      "roc_auc": 0.6886237831647262,
      "accuracy": 0.872
    }
  },
  "model_versions": {
    "signature_detector": "2.0.0",
    "anomaly_detector": "2.0.0",
    "ensemble_rf": "2.0.0",
    "ensemble_lr": "2.0.0",
    "ensemble_svm": "2.0.0"
  }
}